Dataset,CPU Time (s),GPU Time (s),Speedup,CPU Memory (MB),GPU Memory (MB),Memory Ratio,CPU Score,GPU Score,Score Difference (%)
rs-6d-c3_obj2.csv,0.1304919719696045,0.004001935323079427,32.607216617682106,0.359375,0.0625,5.75,0.0,0.0,0
sol-6d-c2-obj1.csv,0.13057160377502441,0.0037867228190104165,34.48142629281397,0.125,0.0,0,0.0,0.0,0
wc+wc-3d-c4-obj1.csv,0.12902363141377768,0.0017923514048258464,71.98567818028644,-0.046875,0.0,0,0.0,0.0,0
rs-6d-c3_obj1.csv,0.13224061330159506,0.003957668940226237,33.41376332858089,0.078125,0.0,0,0.0,0.0,0
wc+rs-3d-c4-obj1.csv,0.1294099489847819,0.001794735590616862,72.10530044723906,0.0,0.0,0,0.0,0.0,0
wc-6d-c1-obj1.csv,0.1327049732208252,0.003856658935546875,34.40931008902077,0.125,0.0,0,0.0,0.0,0
auto93.csv,0.1302356719970703,0.0022150675455729165,58.79535017221585,0.0,0.0,0,0.0,0.0,0
Wine_quality.csv,0.1336066722869873,0.005044619242350261,26.484986451572247,0.0,0.015625,0.0,0.0,0.0,0
wc+sol-3d-c4-obj1.csv,0.13179238637288412,0.0018010139465332031,73.17677168828877,0.0,0.0,0,0.0,0.0,0
sol-6d-c2-obj1.csv,0.13203740119934082,0.0038520495096842446,34.27718176191459,0.109375,0.0625,1.75,0.0,0.0,0
wc+wc-3d-c4-obj1.csv,0.13012035687764487,0.001817941665649414,71.57565027322404,0.0,0.0,0,0.0,0.0,0
rs-6d-c3_obj1.csv,0.13240861892700195,0.00412901242574056,32.06786642286595,0.15625,0.046875,3.3333333333333335,0.0,0.0,0
Apache_AllMeasurements.csv,0.13080167770385742,0.0024633407592773438,53.099303135888505,-0.078125,0.0,0,0.0,0.0,0
wc+rs-3d-c4-obj1.csv,0.13165624936421713,0.0018206437428792317,72.313021083417,0.0,0.0,0,0.0,0.0,0
SS-H.csv,0.13135592142740884,0.002296288808186849,57.20357167578043,0.0,0.0,0,0.0,0.0,0
SS-I.csv,0.13202198346455893,0.0029959678649902344,44.06655525492069,0.0,0.0,0,0.0,0.0,0
SS-K.csv,0.1334526538848877,0.003857294718424479,34.59747403988792,0.015625,0.0,0,0.0,0.0,0
SS-J.csv,0.13159966468811035,0.004258394241333008,30.90358882481384,0.046875,0.0,0,0.0,0.0,0
wc-6d-c1-obj1.csv,0.1325074036916097,0.003885030746459961,34.10716988851386,0.0,0.0,0,0.0,0.0,0
SS-A.csv,0.12952605883280435,0.00218963623046875,59.15414488966318,0.0,0.0,0,0.0,0.0,0
SS-B.csv,0.12968039512634277,0.0018626848856608074,69.62014677020224,0.0,0.0,0,0.0,0.0,0
SS-C.csv,0.1290872891743978,0.002227942148844401,57.9401441107227,0.0,0.0,0,0.0,0.0,0
SS-G.csv,0.12948338190714517,0.0018320083618164062,70.67837931632829,0.0,0.0,0,0.0,0.0,0
SS-F.csv,0.1306466261545817,0.0018870035807291667,69.2349646226415,0.0,0.0,0,0.0,0.0,0
SS-D.csv,0.13073261578877768,0.001853624979654948,70.52808266163609,0.0,0.0,0,0.0,0.0,0
SS-S.csv,0.13308866818745932,0.004205624262491862,31.64540146261267,0.03125,0.0,0,0.0,0.0,0
SS-E.csv,0.12979737917582193,0.0020182927449544272,64.31048196566387,0.0,0.0,0,0.0,0.0,0
healthCloseIsses12mths0001-hard.csv,0.1381207307179769,0.005579630533854167,24.75445818140383,0.015625,0.0,0,0.0,0.0,0
healthCloseIsses12mths0011-easy.csv,0.13749472300211588,0.005546967188517253,24.78736908463114,0.0,0.0,0,0.0,0.0,0
pom3b.csv,0.13521830240885416,0.004526615142822266,29.87183538747849,0.0,0.0,0,0.0,0.0,0
pom3c.csv,0.13430031140645346,0.004593690236409505,29.235822289886165,0.015625,0.0,0,0.0,0.0,0
pom3a.csv,0.1340936024983724,0.004545370737711589,29.50113648284785,0.0,0.0,0,0.0,0.0,0
pom3d.csv,0.1336076259613037,0.004538377126057942,29.43951598781214,0.0,0.0,0,0.0,0.0,0
HSMGP_num.csv,0.13477770487467447,0.005387941996256511,25.014691132220186,0.015625,0.0,0,0.0,0.0,0
HSMGP_num.csv,0.1357856591542562,0.005370696385701497,25.282691368620434,0.03125,0.0,0,0.0,0.0,0
SS-N.csv,0.158800999323527,0.024770736694335938,6.4108307024973685,4.53125,1.75,2.5892857142857144,0.0,0.0,0
SS-O.csv,0.13941065470377603,0.004316965738932292,32.29366715758468,0.0,0.0,0,0.0,0.0,0
SS-X.csv,0.16207591692606607,0.02966936429341634,5.462736421421435,11.4375,4.734375,2.4158415841584158,0.0,0.0,0
SS-M.csv,0.13575259844462076,0.004455725351969401,30.46700317482966,-1.0,0.0,0,0.0,0.0,0
SS-L.csv,0.1367816130320231,0.0052839914957682295,25.88603958609072,0.0,0.0,0,0.0,0.0,0
SS-V.csv,0.1391613483428955,0.006260792414347331,22.22743370695236,0.0,0.0,0,0.0,0.0,0
SS-W.csv,0.15474295616149902,0.023520867029825848,6.578964796037315,1.96875,0.40625,4.846153846153846,0.0,0.0,0
SS-T.csv,0.1356987158457438,0.005374590555826823,25.248196013485536,0.0,0.0,0,0.0,0.0,0
SS-P.csv,0.13299338022867838,0.003187974294026693,41.717205963005426,0.0,0.0,0,0.0,0.0,0
SS-Q.csv,0.1360323429107666,0.005068063735961914,26.841087641718023,0.0,0.0,0,0.0,0.0,0
X264_AllMeasurements.csv,0.13474933306376138,0.004188696543375651,32.169752969301406,0.0,0.0,0,0.0,0.0,0
SS-R.csv,0.13593069712320963,0.005110422770182292,26.598718586713108,0.0,0.0,0,0.0,0.0,0
china.csv,0.1381660302480062,0.007301727930704753,18.922374478922908,0.0,0.0,0,0.0,0.0,0
accessories.csv,0.1359256903330485,0.004228035608927409,32.1486626191237,0.0,0.0,0,0.0,0.0,0
coc1000.csv,0.13854829470316568,0.007879336675008139,17.583751071662714,0.0,0.0,0,0.0,0.0,0
SS-U.csv,0.13723540306091309,0.006311575571695964,21.743446070160417,0.0,0.0,0,0.0,0.0,0
Life Expectancy Data.csv,0.13934930165608725,0.008821725845336914,15.796149653612966,0.0,0.0,0,0.0,0.0,0
mxmh_survey_results.csv,0.1405006249745687,0.008185625076293945,17.164312274876455,0.0,0.0,0,0.0,0.0,0
player_statistics_cleaned_final.csv,0.07207902272542317,0.006129662195841472,11.759053015078633,0.0,0.0,0,0.0,0.0,0
dress-up.csv,0.13765732447306314,0.005192995071411133,26.50827173530447,0.0,0.0,0,0.0,0.0,0
socks.csv,0.13941367467244467,0.008348703384399414,16.69884151507363,0.0,0.0,0,0.0,0.0,0
wallpaper.csv,0.13760598500569662,0.005924224853515625,23.227677613221722,0.0,0.0,0,0.0,0.0,0
WA_Fn-UseC_-Telco-Customer-Churn.csv,0.14058558146158853,0.007124265034993489,19.73334523225202,0.0,0.0,0,0.0,0.0,0
BankChurners.csv,0.14275407791137695,0.010817686716715494,13.196359041419946,0.0,0.0,0,0.0,0.0,0
xomo_ground.csv,0.14567192395528158,0.013297319412231445,10.95498419187301,0.0,0.0,0,0.0,0.0,0
nasa93dem.csv,0.07034039497375488,0.0030330022176106772,23.19167278063096,0.0,0.0,0,0.0,0.0,0
xomo_osp2.csv,0.1449437141418457,0.01352238655090332,10.718796833400921,0.015625,0.0,0,0.0,0.0,0
xomo_osp.csv,0.14752928415934244,0.013467629750569662,10.954361449764548,0.0,0.0,0,0.0,0.0,0
xomo_flight.csv,0.14519762992858887,0.01337726910909017,10.854056141393137,0.0,0.0,0,0.0,0.0,0
SQL_AllMeasurements.csv,0.14429203669230142,0.00991368293762207,14.554836744346375,0.0,0.0,0,0.0,0.0,0
Loan.csv,0.154095729192098,0.019759337107340496,7.798628484092829,0.015625,0.015625,1.0,0.0,0.0,0
Data_COVID19_Indonesia.csv,0.15615534782409668,0.02076435089111328,7.520357782574749,0.0,0.0,0,0.0,0.0,0
WA_Fn-UseC_-HR-Employee-Attrition.csv,0.14846030871073404,0.01308004061381022,11.35014126439226,0.0,0.0,0,0.0,0.0,0
Marketing_Analytics.csv,0.14872161547342935,0.014288981755574545,10.40813250499174,0.0,0.0,0,0.0,0.0,0
Car_price_cleaned.csv,0.15097808837890625,0.016889015833536785,8.939424882242497,0.0,0.0,0,0.0,0.0,0
student_dropout.csv,0.1454432805379232,0.01205134391784668,12.068635791111904,0.0,0.0,0,0.0,0.0,0
home_data_for_ml_course.csv,0.1621567408243815,0.027129252751668293,5.977191569141534,0.0,0.0,0,0.0,0.0,0
all_players.csv,0.16308697064717612,0.028023958206176758,5.819555162312158,0.0,0.0,0,0.0,0.0,0
Medical_Data_and_Hospital_Readmissions.csv,0.15878828366597494,0.024104913075764973,6.587382545910126,0.015625,0.0,0,0.0,0.0,0
Scrum10k.csv,0.16570234298706055,0.03040933609008789,5.449061515061233,-1.515625,0.0,0,0.0,0.0,0
Scrum1k.csv,0.1633759339650472,0.027558644612630207,5.92830076592996,0.0,0.0,0,0.0,0.0,0
Scrum100k.csv,0.19360939661661783,0.05914807319641113,3.273300145783367,6.390625,0.84375,7.574074074074074,0.0,0.0,0
billing10k.csv,0.1568303108215332,0.022349039713541668,7.017317649066909,0.015625,0.015625,1.0,0.0,0.0,0
